Group Name,Bias_GALAXY_ID,SigmaNMAD_GALAXY_ID,OutlierFrac_GALAXY_ID,NLL_GALAXY_ID,Loss_GALAXY_ID,Bias_GALAXY_MISSING_BANDS,SigmaNMAD_GALAXY_MISSING_BANDS,OutlierFrac_GALAXY_MISSING_BANDS,NLL_GALAXY_MISSING_BANDS,Loss_GALAXY_MISSING_BANDS,Bias_GALAXY_OFFSET,SigmaNMAD_GALAXY_OFFSET,OutlierFrac_GALAXY_OFFSET,NLL_GALAXY_OFFSET,Loss_GALAXY_OFFSET,Bias_GALAXY_HIGH_Z,SigmaNMAD_GALAXY_HIGH_Z,OutlierFrac_GALAXY_HIGH_Z,NLL_GALAXY_HIGH_Z,Loss_GALAXY_HIGH_Z,Bias_QSO,SigmaNMAD_QSO,OutlierFrac_QSO,NLL_QSO,Loss_QSO,Loss_Total
AstroMagic,0.0009,0.00644,0.07081,-0.66627,-0.00518,0.00512,0.02274,0.08515,-0.37013,0.0445,0.22323,0.2056,0.49232,1.67655,0.92116,-0.05366,0.0606,0.08536,65.08941,0.19961,-0.00224,0.00639,0.13024,1.72401,0.13886,0.24539
BKN_Machine,0.0006,0.01642,0.04528,-1.29421,-0.05241,0.0032,0.04057,0.04803,-0.69969,0.00682,0.0302,0.06194,0.16334,-0.22088,0.19443,-0.4115,0.15781,0.59347,4.73458,1.16278,-0.08479,0.09194,0.3022,3.3001,0.47894,0.30498
DeepShiftV1,-0.00343,0.00934,0.03129,,0.04405,0.0039,0.07451,0.11606,,0.19446,0.06686,0.14917,0.38332,,0.59935,-0.42307,0.1356,0.61657,,1.17524,-0.05277,0.03005,0.24398,,0.3268,0.43971
Deep_shift4,0.00077,0.01033,0.03178,,0.04288,0.01924,0.07687,0.1258,,0.22191,0.06711,0.14938,0.37903,,0.59552,-0.43348,0.15542,0.61105,,1.19994,-0.00766,0.06312,0.28857,,0.35935,0.45227
Redshift_Rebels_3.0,-0.00126,0.00776,0.0298,,0.03882,0.02898,0.10609,0.20776,,0.34283,0.00381,0.13876,0.34269,,0.48527,-0.46402,0.16539,0.65038,,1.27979,-0.03313,0.02772,0.21841,,0.27926,0.46115
AstroDUNE_v6,0.00042,0.00693,0.03392,,0.04127,0.01472,0.07915,0.13722,,0.23109,0.11985,0.18328,0.46375,,0.76688,-0.40052,0.14612,0.58962,,1.13626,-0.01213,0.01822,0.19098,,0.22132,0.46136
Deep_shift2,0.00071,0.01155,0.03359,,0.04585,0.01116,0.07763,0.12462,,0.21341,0.02091,0.13747,0.3379,,0.49629,-0.47287,0.161,0.66109,,1.29496,-0.08052,0.08206,0.32711,,0.48969,0.46366
Deep_shift3,0.0013,0.01056,0.0359,,0.04776,0.02001,0.07729,0.12429,,0.22159,0.04661,0.1598,0.39505,,0.60145,-0.46942,0.17333,0.64134,,1.28409,-0.03142,0.06728,0.28437,,0.38306,0.47406
Cosmos-v3,-0.00058,0.01597,0.02964,,0.04619,0.01749,0.08604,0.14982,,0.25335,0.0589,0.15279,0.38596,,0.59765,-0.43313,0.147,0.62276,,1.20289,-0.17726,0.15574,0.38566,,0.71866,0.4965
AstroDUNE_v8,-0.00229,0.01491,0.03985,,0.05705,0.01541,0.09324,0.18828,,0.29693,0.1359,0.22075,0.51016,,0.8668,-0.43085,0.14661,0.62594,,1.2034,-0.02455,0.02009,0.19081,,0.23545,0.51409
Redshift_Rebels_1.0,-0.0007,0.01366,0.03441,,0.04878,0.13953,0.16419,0.41552,,0.71924,0.00762,0.12882,0.31528,,0.45172,-0.42384,0.14312,0.61473,,1.18168,-0.00242,0.0913,0.30506,,0.39878,0.52504
cosmos1,0.00608,0.0485,0.09271,,0.14729,0.02774,0.0887,0.18173,,0.29817,0.35162,0.32318,0.59306,,1.26786,-0.19078,0.13184,0.40636,,0.72898,-0.05099,0.06927,0.20007,,0.32032,0.53522
Redshift_Rebels_2.0,0.00197,0.01348,0.03244,,0.0479,0.15373,0.15347,0.43147,,0.73868,0.0207,0.14053,0.32981,,0.49104,-0.42685,0.15644,0.61741,,1.2007,-0.03796,0.05355,0.28302,,0.37454,0.5379
Redshift_Rebels_4.0,0.00563,0.01868,0.06076,-1.67241,-0.04855,0.04946,0.11901,0.2343,0.00911,0.35322,0.19963,0.22673,0.56334,0.61096,0.97024,-0.39087,0.14354,0.58142,5.19775,1.11584,-0.17181,0.1868,0.42605,2.04684,0.78466,0.55176
ANN-Z_2,0.00248,0.03202,0.06405,5.19251,0.09855,0.05465,0.08136,0.13806,5.15847,0.27407,0.18904,0.1712,0.47432,5.19511,0.83455,-0.41961,0.13263,0.62243,5.11542,1.17467,-0.2162,0.17713,0.4141,4.90949,0.80743,0.56697
ANN-Z(1),0.03095,0.06312,0.23596,,0.33003,0.18965,0.16139,0.44877,,0.79981,0.00531,0.16663,0.38893,,0.56087,-0.16389,0.10715,0.20787,,0.47891,-0.48581,0.27605,0.58472,,1.34659,0.60159
ANN-Z,-0.0035,0.02095,0.26214,,0.28659,-0.06808,0.12924,0.32684,,0.52415,-0.11919,0.22148,0.52419,,0.86486,-0.97139,0.13836,0.92251,,2.03226,-0.77219,0.43641,0.62965,,1.83824,0.95406
cosmos2,-0.03401,0.13389,0.18113,-0.12403,0.29283,-0.04164,0.19808,0.40763,1.52945,0.64734,0.1645,0.22917,0.53476,0.43827,0.90035,-0.60727,0.11549,0.93556,5.344,1.65832,-1.27577,0.21578,0.95541,42.79,2.44695,0.97374
cosmos4,-0.03401,0.13389,0.18113,-0.12403,0.29283,-0.04164,0.19808,0.40763,1.52945,0.64734,0.1645,0.22917,0.53476,0.43827,0.90035,-0.60727,0.11549,0.93556,5.344,1.65832,-1.27577,0.21578,0.95541,42.79,2.44695,0.97374
cosmos5,-0.03466,0.13397,0.18212,-0.11858,0.29482,-0.0423,0.19767,0.4093,1.53601,0.64927,0.16676,0.22985,0.53691,0.43526,0.90528,-0.60716,0.11497,0.93925,5.34263,1.66138,-1.27791,0.21609,0.9549,42.47046,2.4489,0.97652
